--
-- PostgreSQL database dump
--

-- Dumped from database version 15.2
-- Dumped by pg_dump version 15.2

SET statement_timeout = 0;
SET lock_timeout = 0;
SET idle_in_transaction_session_timeout = 0;
SET client_encoding = 'UTF8';
SET standard_conforming_strings = on;
SELECT pg_catalog.set_config('search_path', '', false);
SET check_function_bodies = false;
SET xmloption = content;
SET client_min_messages = warning;
SET row_security = off;

--
-- Name: postgis; Type: EXTENSION; Schema: -; Owner: -
--

CREATE EXTENSION IF NOT EXISTS postgis WITH SCHEMA public;


--
-- Name: EXTENSION postgis; Type: COMMENT; Schema: -; Owner: 
--

COMMENT ON EXTENSION postgis IS 'PostGIS geometry and geography spatial types and functions';


SET default_tablespace = '';

SET default_table_access_method = heap;

--
-- Name: auth_group; Type: TABLE; Schema: public; Owner: postgres
--

CREATE TABLE public.auth_group (
    id integer NOT NULL,
    name character varying(150) NOT NULL
);


ALTER TABLE public.auth_group OWNER TO postgres;

--
-- Name: auth_group_id_seq; Type: SEQUENCE; Schema: public; Owner: postgres
--

ALTER TABLE public.auth_group ALTER COLUMN id ADD GENERATED BY DEFAULT AS IDENTITY (
    SEQUENCE NAME public.auth_group_id_seq
    START WITH 1
    INCREMENT BY 1
    NO MINVALUE
    NO MAXVALUE
    CACHE 1
);


--
-- Name: auth_group_permissions; Type: TABLE; Schema: public; Owner: postgres
--

CREATE TABLE public.auth_group_permissions (
    id bigint NOT NULL,
    group_id integer NOT NULL,
    permission_id integer NOT NULL
);


ALTER TABLE public.auth_group_permissions OWNER TO postgres;

--
-- Name: auth_group_permissions_id_seq; Type: SEQUENCE; Schema: public; Owner: postgres
--

ALTER TABLE public.auth_group_permissions ALTER COLUMN id ADD GENERATED BY DEFAULT AS IDENTITY (
    SEQUENCE NAME public.auth_group_permissions_id_seq
    START WITH 1
    INCREMENT BY 1
    NO MINVALUE
    NO MAXVALUE
    CACHE 1
);


--
-- Name: auth_permission; Type: TABLE; Schema: public; Owner: postgres
--

CREATE TABLE public.auth_permission (
    id integer NOT NULL,
    name character varying(255) NOT NULL,
    content_type_id integer NOT NULL,
    codename character varying(100) NOT NULL
);


ALTER TABLE public.auth_permission OWNER TO postgres;

--
-- Name: auth_permission_id_seq; Type: SEQUENCE; Schema: public; Owner: postgres
--

ALTER TABLE public.auth_permission ALTER COLUMN id ADD GENERATED BY DEFAULT AS IDENTITY (
    SEQUENCE NAME public.auth_permission_id_seq
    START WITH 1
    INCREMENT BY 1
    NO MINVALUE
    NO MAXVALUE
    CACHE 1
);


--
-- Name: auth_user; Type: TABLE; Schema: public; Owner: postgres
--

CREATE TABLE public.auth_user (
    id integer NOT NULL,
    password character varying(128) NOT NULL,
    last_login timestamp with time zone,
    is_superuser boolean NOT NULL,
    username character varying(150) NOT NULL,
    first_name character varying(150) NOT NULL,
    last_name character varying(150) NOT NULL,
    email character varying(254) NOT NULL,
    is_staff boolean NOT NULL,
    is_active boolean NOT NULL,
    date_joined timestamp with time zone NOT NULL
);


ALTER TABLE public.auth_user OWNER TO postgres;

--
-- Name: auth_user_groups; Type: TABLE; Schema: public; Owner: postgres
--

CREATE TABLE public.auth_user_groups (
    id bigint NOT NULL,
    user_id integer NOT NULL,
    group_id integer NOT NULL
);


ALTER TABLE public.auth_user_groups OWNER TO postgres;

--
-- Name: auth_user_groups_id_seq; Type: SEQUENCE; Schema: public; Owner: postgres
--

ALTER TABLE public.auth_user_groups ALTER COLUMN id ADD GENERATED BY DEFAULT AS IDENTITY (
    SEQUENCE NAME public.auth_user_groups_id_seq
    START WITH 1
    INCREMENT BY 1
    NO MINVALUE
    NO MAXVALUE
    CACHE 1
);


--
-- Name: auth_user_id_seq; Type: SEQUENCE; Schema: public; Owner: postgres
--

ALTER TABLE public.auth_user ALTER COLUMN id ADD GENERATED BY DEFAULT AS IDENTITY (
    SEQUENCE NAME public.auth_user_id_seq
    START WITH 1
    INCREMENT BY 1
    NO MINVALUE
    NO MAXVALUE
    CACHE 1
);


--
-- Name: auth_user_user_permissions; Type: TABLE; Schema: public; Owner: postgres
--

CREATE TABLE public.auth_user_user_permissions (
    id bigint NOT NULL,
    user_id integer NOT NULL,
    permission_id integer NOT NULL
);


ALTER TABLE public.auth_user_user_permissions OWNER TO postgres;

--
-- Name: auth_user_user_permissions_id_seq; Type: SEQUENCE; Schema: public; Owner: postgres
--

ALTER TABLE public.auth_user_user_permissions ALTER COLUMN id ADD GENERATED BY DEFAULT AS IDENTITY (
    SEQUENCE NAME public.auth_user_user_permissions_id_seq
    START WITH 1
    INCREMENT BY 1
    NO MINVALUE
    NO MAXVALUE
    CACHE 1
);


--
-- Name: django_admin_log; Type: TABLE; Schema: public; Owner: postgres
--

CREATE TABLE public.django_admin_log (
    id integer NOT NULL,
    action_time timestamp with time zone NOT NULL,
    object_id text,
    object_repr character varying(200) NOT NULL,
    action_flag smallint NOT NULL,
    change_message text NOT NULL,
    content_type_id integer,
    user_id integer NOT NULL,
    CONSTRAINT django_admin_log_action_flag_check CHECK ((action_flag >= 0))
);


ALTER TABLE public.django_admin_log OWNER TO postgres;

--
-- Name: django_admin_log_id_seq; Type: SEQUENCE; Schema: public; Owner: postgres
--

ALTER TABLE public.django_admin_log ALTER COLUMN id ADD GENERATED BY DEFAULT AS IDENTITY (
    SEQUENCE NAME public.django_admin_log_id_seq
    START WITH 1
    INCREMENT BY 1
    NO MINVALUE
    NO MAXVALUE
    CACHE 1
);


--
-- Name: django_content_type; Type: TABLE; Schema: public; Owner: postgres
--

CREATE TABLE public.django_content_type (
    id integer NOT NULL,
    app_label character varying(100) NOT NULL,
    model character varying(100) NOT NULL
);


ALTER TABLE public.django_content_type OWNER TO postgres;

--
-- Name: django_content_type_id_seq; Type: SEQUENCE; Schema: public; Owner: postgres
--

ALTER TABLE public.django_content_type ALTER COLUMN id ADD GENERATED BY DEFAULT AS IDENTITY (
    SEQUENCE NAME public.django_content_type_id_seq
    START WITH 1
    INCREMENT BY 1
    NO MINVALUE
    NO MAXVALUE
    CACHE 1
);


--
-- Name: django_migrations; Type: TABLE; Schema: public; Owner: postgres
--

CREATE TABLE public.django_migrations (
    id bigint NOT NULL,
    app character varying(255) NOT NULL,
    name character varying(255) NOT NULL,
    applied timestamp with time zone NOT NULL
);


ALTER TABLE public.django_migrations OWNER TO postgres;

--
-- Name: django_migrations_id_seq; Type: SEQUENCE; Schema: public; Owner: postgres
--

ALTER TABLE public.django_migrations ALTER COLUMN id ADD GENERATED BY DEFAULT AS IDENTITY (
    SEQUENCE NAME public.django_migrations_id_seq
    START WITH 1
    INCREMENT BY 1
    NO MINVALUE
    NO MAXVALUE
    CACHE 1
);


--
-- Name: django_session; Type: TABLE; Schema: public; Owner: postgres
--

CREATE TABLE public.django_session (
    session_key character varying(40) NOT NULL,
    session_data text NOT NULL,
    expire_date timestamp with time zone NOT NULL
);


ALTER TABLE public.django_session OWNER TO postgres;

--
-- Name: news_noticia; Type: TABLE; Schema: public; Owner: postgres
--

CREATE TABLE public.news_noticia (
    id bigint NOT NULL,
    titulo character varying(200) NOT NULL,
    descripcion text NOT NULL,
    autor character varying(100) NOT NULL,
    fecha_publicacion timestamp with time zone NOT NULL,
    eliminado boolean NOT NULL
);


ALTER TABLE public.news_noticia OWNER TO postgres;

--
-- Name: news_noticia_id_seq; Type: SEQUENCE; Schema: public; Owner: postgres
--

ALTER TABLE public.news_noticia ALTER COLUMN id ADD GENERATED BY DEFAULT AS IDENTITY (
    SEQUENCE NAME public.news_noticia_id_seq
    START WITH 1
    INCREMENT BY 1
    NO MINVALUE
    NO MAXVALUE
    CACHE 1
);


--
-- Data for Name: auth_group; Type: TABLE DATA; Schema: public; Owner: postgres
--

COPY public.auth_group (id, name) FROM stdin;
\.


--
-- Data for Name: auth_group_permissions; Type: TABLE DATA; Schema: public; Owner: postgres
--

COPY public.auth_group_permissions (id, group_id, permission_id) FROM stdin;
\.


--
-- Data for Name: auth_permission; Type: TABLE DATA; Schema: public; Owner: postgres
--

COPY public.auth_permission (id, name, content_type_id, codename) FROM stdin;
1	Can add log entry	1	add_logentry
2	Can change log entry	1	change_logentry
3	Can delete log entry	1	delete_logentry
4	Can view log entry	1	view_logentry
5	Can add permission	2	add_permission
6	Can change permission	2	change_permission
7	Can delete permission	2	delete_permission
8	Can view permission	2	view_permission
9	Can add group	3	add_group
10	Can change group	3	change_group
11	Can delete group	3	delete_group
12	Can view group	3	view_group
13	Can add user	4	add_user
14	Can change user	4	change_user
15	Can delete user	4	delete_user
16	Can view user	4	view_user
17	Can add content type	5	add_contenttype
18	Can change content type	5	change_contenttype
19	Can delete content type	5	delete_contenttype
20	Can view content type	5	view_contenttype
21	Can add session	6	add_session
22	Can change session	6	change_session
23	Can delete session	6	delete_session
24	Can view session	6	view_session
25	Can add noticia	7	add_noticia
26	Can change noticia	7	change_noticia
27	Can delete noticia	7	delete_noticia
28	Can view noticia	7	view_noticia
\.


--
-- Data for Name: auth_user; Type: TABLE DATA; Schema: public; Owner: postgres
--

COPY public.auth_user (id, password, last_login, is_superuser, username, first_name, last_name, email, is_staff, is_active, date_joined) FROM stdin;
1	pbkdf2_sha256$600000$RBDwpGj5xhcJ1KbM7Nlq6W$/Q0MvBRdm2/4V85mlkS9yKT/3oEfgpKzA34Kz/hkkPg=	\N	t	usuario			a@a.com	t	t	2024-05-01 03:29:09.663301-06
2	pbkdf2_sha256$600000$YmneAgtyywiQNvKQqh5k7y$LVSrDpkLL0sexAzf+6/PzuxswlDbe/icsFiEyNxsJVg=	2024-05-01 03:38:44.990258-06	t	Edgar			a@a.com	t	t	2024-05-01 03:37:15.2953-06
\.


--
-- Data for Name: auth_user_groups; Type: TABLE DATA; Schema: public; Owner: postgres
--

COPY public.auth_user_groups (id, user_id, group_id) FROM stdin;
\.


--
-- Data for Name: auth_user_user_permissions; Type: TABLE DATA; Schema: public; Owner: postgres
--

COPY public.auth_user_user_permissions (id, user_id, permission_id) FROM stdin;
\.


--
-- Data for Name: django_admin_log; Type: TABLE DATA; Schema: public; Owner: postgres
--

COPY public.django_admin_log (id, action_time, object_id, object_repr, action_flag, change_message, content_type_id, user_id) FROM stdin;
\.


--
-- Data for Name: django_content_type; Type: TABLE DATA; Schema: public; Owner: postgres
--

COPY public.django_content_type (id, app_label, model) FROM stdin;
1	admin	logentry
2	auth	permission
3	auth	group
4	auth	user
5	contenttypes	contenttype
6	sessions	session
7	news	noticia
\.


--
-- Data for Name: django_migrations; Type: TABLE DATA; Schema: public; Owner: postgres
--

COPY public.django_migrations (id, app, name, applied) FROM stdin;
1	contenttypes	0001_initial	2024-05-01 03:27:34.56866-06
2	auth	0001_initial	2024-05-01 03:27:34.983273-06
3	admin	0001_initial	2024-05-01 03:27:35.029471-06
4	admin	0002_logentry_remove_auto_add	2024-05-01 03:27:35.052914-06
5	admin	0003_logentry_add_action_flag_choices	2024-05-01 03:27:35.093437-06
6	contenttypes	0002_remove_content_type_name	2024-05-01 03:27:35.147962-06
7	auth	0002_alter_permission_name_max_length	2024-05-01 03:27:35.161407-06
8	auth	0003_alter_user_email_max_length	2024-05-01 03:27:35.217598-06
9	auth	0004_alter_user_username_opts	2024-05-01 03:27:35.231396-06
10	auth	0005_alter_user_last_login_null	2024-05-01 03:27:35.283189-06
11	auth	0006_require_contenttypes_0002	2024-05-01 03:27:35.289633-06
12	auth	0007_alter_validators_add_error_messages	2024-05-01 03:27:35.316591-06
13	auth	0008_alter_user_username_max_length	2024-05-01 03:27:35.45186-06
14	auth	0009_alter_user_last_name_max_length	2024-05-01 03:27:35.468602-06
15	auth	0010_alter_group_name_max_length	2024-05-01 03:27:35.643527-06
16	auth	0011_update_proxy_permissions	2024-05-01 03:27:35.693952-06
17	auth	0012_alter_user_first_name_max_length	2024-05-01 03:27:35.802461-06
18	news	0001_initial	2024-05-01 03:27:35.821908-06
19	sessions	0001_initial	2024-05-01 03:27:35.998564-06
\.


--
-- Data for Name: django_session; Type: TABLE DATA; Schema: public; Owner: postgres
--

COPY public.django_session (session_key, session_data, expire_date) FROM stdin;
w7t7c3b1xs64kqqre77yke3d8rg1a5ou	.eJxVjMEOwiAQRP-FsyEsBbfr0bvfQCi7SNXQpLQn47_bJj3ocea9mbcKcV1KWJvMYWR1UVadfrshpqfUHfAj1vuk01SXeRz0ruiDNn2bWF7Xw_07KLGVbZ1TRslsxLge2REYL0w-pi0DCLLvAZHOzhIbAgfSeZ9NtNhRQjLq8wXhPzb5:1s26QH:CDWevIpxzJkOguuZlUgA3gvffNfmJU0p2Vjvb78Lzs4	2024-05-15 03:38:45.020096-06
\.


--
-- Data for Name: news_noticia; Type: TABLE DATA; Schema: public; Owner: postgres
--

COPY public.news_noticia (id, titulo, descripcion, autor, fecha_publicacion, eliminado) FROM stdin;
2	La doble moral de la ‘dark web’ incluye colectas benéficas mientras roban, extorsionan y secuestran	Los delincuentes del submundo de internet, que acaparan el 84% de las estafas mundiales, mantienen códigos de conducta y un sistema de arbitraje para regular la sociedad del crimen	Raúl Limón	2024-03-10 22:20:00-06	f
3	Gil Shwed, consejero delegado de Check Point: “El riesgo de ciberataques es el mayor de todos los tiempos y se mantendrá así”	El ingeniero israelí, máximo responsable y fundador de una de las grandes compañías de seguridad en la red, deja su cargo para afrontar desde otro puesto un nivel de amenazas mundial sin precedentes	Raúl Limón	2024-03-03 22:20:00-06	f
5	El consorcio de transportes de Madrid alerta en febrero de un ciberataque de noviembre que comprometió los datos de los viajeros	El ente describe como “intencionado y doloso” el robo de las identificaciones de los titulares de las tarjetas de transporte: nombre, dirección, email, teléfono...	Juan José Mateo	2024-02-26 06:21:38-06	f
6	Gorrión Depredador y otras armas sin gatillos de las guerras híbridas: baratas, rápidas, indetectables y eficaces	Las empresas de seguridad alertan del incremento de ciberataques con diferentes estrategias, actores, intensidades y objetivos	Raúl Limón	2024-02-13 18:00:00-06	f
7	La British Library,  la biblioteca más completa del mundo, comienza a recuperarse del mayor ciberataque de su historia	La colección de libros más solicitada por investigadores y estudiosos de todo el mundo ha tenido paralizado durante casi tres meses su servicio digital. Las pérdidas son multimillonarias	Rafa de Miguel	2024-01-21 22:30:00-06	f
8	Demasiado bueno, demasiado barato… Cuidado con los chollos en las redes	La Policía Nacional se ve obligada a bloquear varias webs fraudulentas que imitaban tiendas oficiales	José Mendiola Zuriarrain	2024-01-03 12:13:56-06	f
9	La justicia del Reino Unido falla a favor del príncipe Enrique en el caso de espionaje telefónico de la prensa	El magistrado Timothy Fancourt condena a Mirror Group Newspapers a pagar más de 160.000 euros de indemnización al duque de Sussex	Rafa de Miguel	2023-12-15 06:30:19-06	f
10	Claves para sobrevivir en el mundo digital	La toma de conciencia de los riesgos de internet y la formación constante son fundamentales para prevenir los ataques de los cibercriminales y minimizar los peligros de la navegación en la red	Elena Sevillano	2023-12-02 22:30:01-06	f
11	Formación y colaboración para mejorar las defensas	Las compañías deben prevenir los ciberataques, pero también han de saber detectarlos y actuar en caso de que se produzcan	Elena Sevillano	2023-12-02 22:30:01-06	f
12	Air Europa sufre un ciberataque y pide a sus clientes que cancelen las tarjetas de crédito	La aerolínea afirma que el ‘hackeo’ está controlado y que no ha detectado ningún fraude por el momento	Ramón Muñoz	2023-10-10 02:07:35-06	f
13	“Todos podemos ser víctimas y los daños son irreparables”: cómo los ‘deepfakes’ han inundado el planeta	Las imágenes o vídeos falsos saltan del porno, que acapara el 96% de las creaciones, a sofisticadas formas de fraude y manipulación	Raúl Limón	2023-09-20 21:20:00-06	f
14	De piratas a suscriptores: cómo ‘hackers’ y ‘criminales’ marcaron el modo en que hoy consumimos cultura	En los noventa el pirateo de música y videojuegos abría las compuertas para lo que vendría con la normalización de Internet. Tres décadas después, aquellos actos considerados delictivos han marcado la hoja de ruta para la industria	Autor no disponible	2023-09-08 21:30:01-06	f
15	Un día bajo el ciberataque al Ayuntamiento de Sevilla: “Vivo en Londres y necesito domiciliar un recibo porque mañana me vuelvo”	El Consistorio andaluz asegura “al 90%” que los datos de los sevillanos no han resultado afectados por los piratas	Javier Martín-Arroyo	2023-09-07 21:40:00-06	f
16	El Ayuntamiento de Sevilla suspende todos los servicios telemáticos por un secuestro informático: “No se negociará”	Los piratas exigen un rescate de más de un millón de euros y el Consistorio se niega a pagar o pactar “con ciberdelincuentes”	Raúl Limón	2023-09-06 04:04:36-06	f
17	La Audiencia reconoce las dificultades para frenar la difusión de los datos robados en el ciberataque al Poder Judicial	El tribunal confirma el ingreso en prisión provisional del mayor comprador de información sustraída en aquella operación de pirateo	J. J. Gálvez	2023-09-05 21:40:00-06	f
18	Varios periódicos españoles sufren problemas por ataques informáticos prorrusos	Las webs de ‘El Mundo’, ‘Expansión’, ‘El Español’ y ‘ABC’ han dejado de funcionar correctamente por un sabotaje que se atribuye el grupo NoName057	El País	2023-07-25 04:57:38-06	f
19	Muere Kevin Mitnick, el hacker más famoso del mundo, a los 59 años	Conocido por ser el pirata informático primigenio en la década de los 90, más tarde se convirtió en consultor de ciberseguridad y orador público	Clara Angela Brascia	2023-07-21 02:51:05-06	f
20	Cinco años de cárcel para el ‘hacker’ detenido en Estepona tras piratear el Twitter de Joe Biden y Elon Musk	El acusado se declaró culpable de uno de los ataques informáticos más conocidos y tendrá que pagar también 794.000 dólares	Miguel Jiménez	2023-06-26 02:11:19-06	f
21	El cibercrimen alcanza niveles inéditos: 90 millones de ataques anuales que cuestan 10,5 billones de euros	Uno de cada cinco delitos en España se comete en la red, que generará 150.000 denuncias en 2025	Raúl Limón	2023-06-19 21:20:00-06	f
22	Kermit, el cibercriminal “selecto” y de “alta reputación” que atacó al Poder Judicial	La Policía detiene a Daniel Baíllo por colaborar presuntamente con el ‘hacker’ Alcasec para robar y vender datos de medio millón de contribuyentes	J. J. Gálvez	2023-06-01 10:04:55-06	f
23	Microsoft desvela un ataque informático chino a infraestructuras críticas de Estados Unidos	Agencias de seguridad e inteligencia de Estados Unidos, Reino Unido, Australia y Nueva Zelanda han participado en la investigación	Miguel Jiménez	2023-05-24 15:20:33-06	f
24	El juez deja libre al ‘hacker’ Alcasec, que confesó el ciberataque al Poder Judicial	El magistrado José Luis Calama, que le ha retirado el pasaporte y le ha prohibido salir de España, ha valorado positivamente su colaboración con la investigación	J. J. Gálvez	2023-05-23 10:40:37-06	f
4	Una condena entre mafias de la ‘dark web’ tumbó al grupo de ciberdelincuentes que atacó el Ayuntamiento de Sevilla y miles de entidades	Una disputa económica por el reparto del botín de un rescate precedió a la intervención policial de LockBit, que extorsionó a empresas, organismos y hospitales en todo el mundo	Raúl Limón	2024-03-01 22:20:00-06	t
25	Hackers y estafas de la banda de los Trinitarios para pagarse a los abogados y las fiestas	La Policía detiene a 40 personas y da por desmantelada una estructura de financiación con la que se embolsaron más de 700.000 euros	El País	2023-05-09 03:54:12-06	f
26	Flipper Zero: así es el “tamagotchi de los hackers” viral en TikTok	Decenas de usuarios comparten vídeos en los que encienden la tele y abren coches o puertas de hotel con el aparato	Isabel Rubio	2023-04-09 21:20:00-06	f
27	Ciberataque en el Clínic: ¿Por qué el hospital no estaba integrado en la Agencia de ciberseguridad si existía un plan para ello?	La actual secretaría de telecomunicaciones de la Generalitat cuestiona la “demora” del equipo de Jordi Puigneró, exconsejero de Políticas Digitales, para incorporar el hospital al organismo	Bernat Coll	2023-04-07 21:15:00-06	f
1	Cómo un ingeniero evitó un enorme ciberataque global por un error de medio segundo	“Es el puto amo de internet”, bromean en redes sociales sobre este desarrollador de Microsoft, que dio con la trampa por casualidad	Jordi Pérez Colomé	2024-04-08 21:20:00-06	t
\.


--
-- Data for Name: spatial_ref_sys; Type: TABLE DATA; Schema: public; Owner: postgres
--

COPY public.spatial_ref_sys (srid, auth_name, auth_srid, srtext, proj4text) FROM stdin;
\.


--
-- Name: auth_group_id_seq; Type: SEQUENCE SET; Schema: public; Owner: postgres
--

SELECT pg_catalog.setval('public.auth_group_id_seq', 1, false);


--
-- Name: auth_group_permissions_id_seq; Type: SEQUENCE SET; Schema: public; Owner: postgres
--

SELECT pg_catalog.setval('public.auth_group_permissions_id_seq', 1, false);


--
-- Name: auth_permission_id_seq; Type: SEQUENCE SET; Schema: public; Owner: postgres
--

SELECT pg_catalog.setval('public.auth_permission_id_seq', 28, true);


--
-- Name: auth_user_groups_id_seq; Type: SEQUENCE SET; Schema: public; Owner: postgres
--

SELECT pg_catalog.setval('public.auth_user_groups_id_seq', 1, false);


--
-- Name: auth_user_id_seq; Type: SEQUENCE SET; Schema: public; Owner: postgres
--

SELECT pg_catalog.setval('public.auth_user_id_seq', 2, true);


--
-- Name: auth_user_user_permissions_id_seq; Type: SEQUENCE SET; Schema: public; Owner: postgres
--

SELECT pg_catalog.setval('public.auth_user_user_permissions_id_seq', 1, false);


--
-- Name: django_admin_log_id_seq; Type: SEQUENCE SET; Schema: public; Owner: postgres
--

SELECT pg_catalog.setval('public.django_admin_log_id_seq', 1, false);


--
-- Name: django_content_type_id_seq; Type: SEQUENCE SET; Schema: public; Owner: postgres
--

SELECT pg_catalog.setval('public.django_content_type_id_seq', 7, true);


--
-- Name: django_migrations_id_seq; Type: SEQUENCE SET; Schema: public; Owner: postgres
--

SELECT pg_catalog.setval('public.django_migrations_id_seq', 19, true);


--
-- Name: news_noticia_id_seq; Type: SEQUENCE SET; Schema: public; Owner: postgres
--

SELECT pg_catalog.setval('public.news_noticia_id_seq', 27, true);


--
-- Name: auth_group auth_group_name_key; Type: CONSTRAINT; Schema: public; Owner: postgres
--

ALTER TABLE ONLY public.auth_group
    ADD CONSTRAINT auth_group_name_key UNIQUE (name);


--
-- Name: auth_group_permissions auth_group_permissions_group_id_permission_id_0cd325b0_uniq; Type: CONSTRAINT; Schema: public; Owner: postgres
--

ALTER TABLE ONLY public.auth_group_permissions
    ADD CONSTRAINT auth_group_permissions_group_id_permission_id_0cd325b0_uniq UNIQUE (group_id, permission_id);


--
-- Name: auth_group_permissions auth_group_permissions_pkey; Type: CONSTRAINT; Schema: public; Owner: postgres
--

ALTER TABLE ONLY public.auth_group_permissions
    ADD CONSTRAINT auth_group_permissions_pkey PRIMARY KEY (id);


--
-- Name: auth_group auth_group_pkey; Type: CONSTRAINT; Schema: public; Owner: postgres
--

ALTER TABLE ONLY public.auth_group
    ADD CONSTRAINT auth_group_pkey PRIMARY KEY (id);


--
-- Name: auth_permission auth_permission_content_type_id_codename_01ab375a_uniq; Type: CONSTRAINT; Schema: public; Owner: postgres
--

ALTER TABLE ONLY public.auth_permission
    ADD CONSTRAINT auth_permission_content_type_id_codename_01ab375a_uniq UNIQUE (content_type_id, codename);


--
-- Name: auth_permission auth_permission_pkey; Type: CONSTRAINT; Schema: public; Owner: postgres
--

ALTER TABLE ONLY public.auth_permission
    ADD CONSTRAINT auth_permission_pkey PRIMARY KEY (id);


--
-- Name: auth_user_groups auth_user_groups_pkey; Type: CONSTRAINT; Schema: public; Owner: postgres
--

ALTER TABLE ONLY public.auth_user_groups
    ADD CONSTRAINT auth_user_groups_pkey PRIMARY KEY (id);


--
-- Name: auth_user_groups auth_user_groups_user_id_group_id_94350c0c_uniq; Type: CONSTRAINT; Schema: public; Owner: postgres
--

ALTER TABLE ONLY public.auth_user_groups
    ADD CONSTRAINT auth_user_groups_user_id_group_id_94350c0c_uniq UNIQUE (user_id, group_id);


--
-- Name: auth_user auth_user_pkey; Type: CONSTRAINT; Schema: public; Owner: postgres
--

ALTER TABLE ONLY public.auth_user
    ADD CONSTRAINT auth_user_pkey PRIMARY KEY (id);


--
-- Name: auth_user_user_permissions auth_user_user_permissions_pkey; Type: CONSTRAINT; Schema: public; Owner: postgres
--

ALTER TABLE ONLY public.auth_user_user_permissions
    ADD CONSTRAINT auth_user_user_permissions_pkey PRIMARY KEY (id);


--
-- Name: auth_user_user_permissions auth_user_user_permissions_user_id_permission_id_14a6b632_uniq; Type: CONSTRAINT; Schema: public; Owner: postgres
--

ALTER TABLE ONLY public.auth_user_user_permissions
    ADD CONSTRAINT auth_user_user_permissions_user_id_permission_id_14a6b632_uniq UNIQUE (user_id, permission_id);


--
-- Name: auth_user auth_user_username_key; Type: CONSTRAINT; Schema: public; Owner: postgres
--

ALTER TABLE ONLY public.auth_user
    ADD CONSTRAINT auth_user_username_key UNIQUE (username);


--
-- Name: django_admin_log django_admin_log_pkey; Type: CONSTRAINT; Schema: public; Owner: postgres
--

ALTER TABLE ONLY public.django_admin_log
    ADD CONSTRAINT django_admin_log_pkey PRIMARY KEY (id);


--
-- Name: django_content_type django_content_type_app_label_model_76bd3d3b_uniq; Type: CONSTRAINT; Schema: public; Owner: postgres
--

ALTER TABLE ONLY public.django_content_type
    ADD CONSTRAINT django_content_type_app_label_model_76bd3d3b_uniq UNIQUE (app_label, model);


--
-- Name: django_content_type django_content_type_pkey; Type: CONSTRAINT; Schema: public; Owner: postgres
--

ALTER TABLE ONLY public.django_content_type
    ADD CONSTRAINT django_content_type_pkey PRIMARY KEY (id);


--
-- Name: django_migrations django_migrations_pkey; Type: CONSTRAINT; Schema: public; Owner: postgres
--

ALTER TABLE ONLY public.django_migrations
    ADD CONSTRAINT django_migrations_pkey PRIMARY KEY (id);


--
-- Name: django_session django_session_pkey; Type: CONSTRAINT; Schema: public; Owner: postgres
--

ALTER TABLE ONLY public.django_session
    ADD CONSTRAINT django_session_pkey PRIMARY KEY (session_key);


--
-- Name: news_noticia news_noticia_pkey; Type: CONSTRAINT; Schema: public; Owner: postgres
--

ALTER TABLE ONLY public.news_noticia
    ADD CONSTRAINT news_noticia_pkey PRIMARY KEY (id);


--
-- Name: auth_group_name_a6ea08ec_like; Type: INDEX; Schema: public; Owner: postgres
--

CREATE INDEX auth_group_name_a6ea08ec_like ON public.auth_group USING btree (name varchar_pattern_ops);


--
-- Name: auth_group_permissions_group_id_b120cbf9; Type: INDEX; Schema: public; Owner: postgres
--

CREATE INDEX auth_group_permissions_group_id_b120cbf9 ON public.auth_group_permissions USING btree (group_id);


--
-- Name: auth_group_permissions_permission_id_84c5c92e; Type: INDEX; Schema: public; Owner: postgres
--

CREATE INDEX auth_group_permissions_permission_id_84c5c92e ON public.auth_group_permissions USING btree (permission_id);


--
-- Name: auth_permission_content_type_id_2f476e4b; Type: INDEX; Schema: public; Owner: postgres
--

CREATE INDEX auth_permission_content_type_id_2f476e4b ON public.auth_permission USING btree (content_type_id);


--
-- Name: auth_user_groups_group_id_97559544; Type: INDEX; Schema: public; Owner: postgres
--

CREATE INDEX auth_user_groups_group_id_97559544 ON public.auth_user_groups USING btree (group_id);


--
-- Name: auth_user_groups_user_id_6a12ed8b; Type: INDEX; Schema: public; Owner: postgres
--

CREATE INDEX auth_user_groups_user_id_6a12ed8b ON public.auth_user_groups USING btree (user_id);


--
-- Name: auth_user_user_permissions_permission_id_1fbb5f2c; Type: INDEX; Schema: public; Owner: postgres
--

CREATE INDEX auth_user_user_permissions_permission_id_1fbb5f2c ON public.auth_user_user_permissions USING btree (permission_id);


--
-- Name: auth_user_user_permissions_user_id_a95ead1b; Type: INDEX; Schema: public; Owner: postgres
--

CREATE INDEX auth_user_user_permissions_user_id_a95ead1b ON public.auth_user_user_permissions USING btree (user_id);


--
-- Name: auth_user_username_6821ab7c_like; Type: INDEX; Schema: public; Owner: postgres
--

CREATE INDEX auth_user_username_6821ab7c_like ON public.auth_user USING btree (username varchar_pattern_ops);


--
-- Name: django_admin_log_content_type_id_c4bce8eb; Type: INDEX; Schema: public; Owner: postgres
--

CREATE INDEX django_admin_log_content_type_id_c4bce8eb ON public.django_admin_log USING btree (content_type_id);


--
-- Name: django_admin_log_user_id_c564eba6; Type: INDEX; Schema: public; Owner: postgres
--

CREATE INDEX django_admin_log_user_id_c564eba6 ON public.django_admin_log USING btree (user_id);


--
-- Name: django_session_expire_date_a5c62663; Type: INDEX; Schema: public; Owner: postgres
--

CREATE INDEX django_session_expire_date_a5c62663 ON public.django_session USING btree (expire_date);


--
-- Name: django_session_session_key_c0390e0f_like; Type: INDEX; Schema: public; Owner: postgres
--

CREATE INDEX django_session_session_key_c0390e0f_like ON public.django_session USING btree (session_key varchar_pattern_ops);


--
-- Name: auth_group_permissions auth_group_permissio_permission_id_84c5c92e_fk_auth_perm; Type: FK CONSTRAINT; Schema: public; Owner: postgres
--

ALTER TABLE ONLY public.auth_group_permissions
    ADD CONSTRAINT auth_group_permissio_permission_id_84c5c92e_fk_auth_perm FOREIGN KEY (permission_id) REFERENCES public.auth_permission(id) DEFERRABLE INITIALLY DEFERRED;


--
-- Name: auth_group_permissions auth_group_permissions_group_id_b120cbf9_fk_auth_group_id; Type: FK CONSTRAINT; Schema: public; Owner: postgres
--

ALTER TABLE ONLY public.auth_group_permissions
    ADD CONSTRAINT auth_group_permissions_group_id_b120cbf9_fk_auth_group_id FOREIGN KEY (group_id) REFERENCES public.auth_group(id) DEFERRABLE INITIALLY DEFERRED;


--
-- Name: auth_permission auth_permission_content_type_id_2f476e4b_fk_django_co; Type: FK CONSTRAINT; Schema: public; Owner: postgres
--

ALTER TABLE ONLY public.auth_permission
    ADD CONSTRAINT auth_permission_content_type_id_2f476e4b_fk_django_co FOREIGN KEY (content_type_id) REFERENCES public.django_content_type(id) DEFERRABLE INITIALLY DEFERRED;


--
-- Name: auth_user_groups auth_user_groups_group_id_97559544_fk_auth_group_id; Type: FK CONSTRAINT; Schema: public; Owner: postgres
--

ALTER TABLE ONLY public.auth_user_groups
    ADD CONSTRAINT auth_user_groups_group_id_97559544_fk_auth_group_id FOREIGN KEY (group_id) REFERENCES public.auth_group(id) DEFERRABLE INITIALLY DEFERRED;


--
-- Name: auth_user_groups auth_user_groups_user_id_6a12ed8b_fk_auth_user_id; Type: FK CONSTRAINT; Schema: public; Owner: postgres
--

ALTER TABLE ONLY public.auth_user_groups
    ADD CONSTRAINT auth_user_groups_user_id_6a12ed8b_fk_auth_user_id FOREIGN KEY (user_id) REFERENCES public.auth_user(id) DEFERRABLE INITIALLY DEFERRED;


--
-- Name: auth_user_user_permissions auth_user_user_permi_permission_id_1fbb5f2c_fk_auth_perm; Type: FK CONSTRAINT; Schema: public; Owner: postgres
--

ALTER TABLE ONLY public.auth_user_user_permissions
    ADD CONSTRAINT auth_user_user_permi_permission_id_1fbb5f2c_fk_auth_perm FOREIGN KEY (permission_id) REFERENCES public.auth_permission(id) DEFERRABLE INITIALLY DEFERRED;


--
-- Name: auth_user_user_permissions auth_user_user_permissions_user_id_a95ead1b_fk_auth_user_id; Type: FK CONSTRAINT; Schema: public; Owner: postgres
--

ALTER TABLE ONLY public.auth_user_user_permissions
    ADD CONSTRAINT auth_user_user_permissions_user_id_a95ead1b_fk_auth_user_id FOREIGN KEY (user_id) REFERENCES public.auth_user(id) DEFERRABLE INITIALLY DEFERRED;


--
-- Name: django_admin_log django_admin_log_content_type_id_c4bce8eb_fk_django_co; Type: FK CONSTRAINT; Schema: public; Owner: postgres
--

ALTER TABLE ONLY public.django_admin_log
    ADD CONSTRAINT django_admin_log_content_type_id_c4bce8eb_fk_django_co FOREIGN KEY (content_type_id) REFERENCES public.django_content_type(id) DEFERRABLE INITIALLY DEFERRED;


--
-- Name: django_admin_log django_admin_log_user_id_c564eba6_fk_auth_user_id; Type: FK CONSTRAINT; Schema: public; Owner: postgres
--

ALTER TABLE ONLY public.django_admin_log
    ADD CONSTRAINT django_admin_log_user_id_c564eba6_fk_auth_user_id FOREIGN KEY (user_id) REFERENCES public.auth_user(id) DEFERRABLE INITIALLY DEFERRED;


--
-- PostgreSQL database dump complete
--

